t,x,y,ATE,RMSE_ATE
0,0,0,0,0
0.5,1.53080849893419e-17,0.25,0.00337347645161257,0.00238540807510838
1,3.06161699786838e-17,0.5,0.00674695290322513,0.00435513937197279
1.5,4.59242549680257e-17,0.75,0.0101204293548377,0.00631119654214205
2,6.12323399573677e-17,1,0.0134939058064503,0.00826329596574558
2.5,7.65404249467096e-17,1.25,0.0168673822580627,0.0102137071732643
3,9.18485099360515e-17,1.5,0.0202408587096754,0.0121632423228594
3.5,1.07156594925393e-16,1.75,0.0236143351612881,0.0141122644875913
4,1.22464679914735e-16,2,0.0269878116129005,0.0160609604230439
4.5,1.37772764904077e-16,2.25,0.0303612880645128,0.0180094360276261
5,1.53080849893419e-16,2.5,0.0337347645161254,0.0199577558341477
5.5,1.68388934882761e-16,2.75,0.0371082409677381,0.0219059614127634
6,1.83697019872103e-16,3,0.0404965751395903,0.0238560205964
6.5,8.79828023989293e-17,3.25,0.0444313518439587,0.0258741064300198
7,-7.73141507424448e-18,3.5,0.0485098135020254,0.0279592243284503
7.5,-0.00934046441338244,3.74982545051404,0.0528168039992065,0.0301199561757024
8,-0.0328870761163752,3.99871409444403,0.0636228921717337,0.033044765153381
8.5,-0.0669820812089279,4.24637824329835,0.0763308784023811,0.036810070758478
9,-0.107622925068892,4.4930527693653,0.0808717778465357,0.0403471175638127
9.5,-0.152017297057076,4.73907947469578,0.0778593765353743,0.0430069706750728
10,-0.227444314603055,4.97742956390097,0.0817887921493613,0.0456077463419282
10.5,-0.329147435808787,5.20580748563819,0.0922835478872548,0.0487095521082234
11,-0.447441916464176,5.42604920704099,0.0988405795809146,0.051905897477083
11.5,-0.575248498278228,5.64091073836991,0.0949672662110738,0.054385158854974
12,-0.717210768369302,5.84669391035098,0.088328431589737,0.0561383305471194
12.5,-0.885325035695877,6.03172794268354,0.0858145022232425,0.0575633205553355
13,-1.07126629932861,6.19883822506815,0.088829357109268,0.0590174448132546
13.5,-1.26742022692379,6.35383382722829,0.0964226384751196,0.0607512235626968
14,-1.46911733235667,6.50154394082921,0.0953686854521027,0.0622661414516627
14.5,-1.68630179978661,6.6253619811431,0.0915471993994679,0.0634602207383916
15,-1.91702216599313,6.72163301841565,0.0776573883214617,0.0639673955371197
15.5,-2.15507455653069,6.79799439189303,0.0729072753046438,0.0642655937395302
16,-2.39673138641417,6.86204106683146,0.0735978099677354,0.0645682084428801
16.5,-2.64059040478844,6.91711174103773,0.0703533159154392,0.0647457370685205
17,-2.88796608616848,6.95324029292907,0.0640718250240326,0.0647265798113161
17.5,-3.13705620821476,6.97455017558868,0.0540501171718306,0.0644538960676463
18,-3.38677284564123,6.98644979711284,0.0529622800711368,0.0641703756204751
18.5,-3.63668996268117,6.99288676926175,0.0557979558588238,0.0639640904289107
19,-3.88666665182377,6.9963006944665,0.0594468958982288,0.0638522570086911
19.5,-4.13666026080484,6.99808828183974,0.0627667122693538,0.0638253434084294
20,-4.38665853820371,6.99901634304292,0.0661201087223499,0.0638822940516982
20.5,-4.63665807924258,6.99949538412152,0.0694885591344182,0.0640214820859431
21,-4.88665795792733,6.9997416717773,0.0728607826066749,0.0642408622980456
21.5,-5.13665792603665,6.99986794663738,0.0762339473679096,0.0645381873300855
22,-5.3866579176855,6.99993256534357,0.0796073463600232,0.0649110750769467
22.5,-5.63665791550445,6.99996558838818,0.0829808035661727,0.0653570392743338
23,-5.88665791493591,6.9999824487711,0.086354275234807,0.0658735118780347
23.5,-6.1366579147879,6.99999105139002,0.0897277504970397,0.0664578639792885
24,-6.3866579147494,6.99999543863551,0.0931012266526607,0.0671074264069629
24.5,-6.6366579147394,6.99999767535187,0.0964747030305476,0.0678195098174801
25,-6.8866579147368,6.99999881541688,0.0998481794637791,0.0685914238245734
25.5,-7.13665791473612,6.99999939641885,0.103221655910804,0.0694204947549801
26,-7.38665791473595,6.99999969247613,0.10659513236127,0.0703040817179041
26.5,-7.6366579147359,6.99999985137504,0.10996860881259,0.071239590786441
27,-7.88665791473587,6.99999997232904,0.113342085264136,0.07222448719031
